,antecedents,consequents,antecedent support,consequent support,support,confidence,lift,leverage,conviction,antecedent_len
102,frozenset({'Write - Sales - CREDIT'}),frozenset({'Write - Sales - FRC'}),0.09267563527653214,0.11061285500747384,0.06726457399103139,0.7258064516129032,6.561682650392329,0.057013457383462814,3.243647234678625,1
103,frozenset({'Write - Sales - FRC'}),frozenset({'Write - Sales - CREDIT'}),0.11061285500747384,0.09267563527653214,0.06726457399103139,0.6081081081081081,6.561682650392328,0.057013457383462814,2.3152414823978145,1
47,frozenset({'Function - Manage Business Facilitation'}),frozenset({'Read - Offshore_Onshore - Trade Queries (Read Only)'}),0.059790732436472344,0.2757847533632287,0.04185351270553064,0.7000000000000001,2.538211382113821,0.025364140307131317,2.4140508221225714,1
46,frozenset({'Read - Offshore_Onshore - Trade Queries (Read Only)'}),frozenset({'Function - Manage Business Facilitation'}),0.2757847533632287,0.059790732436472344,0.04185351270553064,0.15176151761517614,2.538211382113821,0.025364140307131317,1.1084256221435835,1
8,frozenset({'Function - Asset Movements_Sec Setts'}),frozenset({'Read - Offshore_Onshore - Trade Queries (Read Only)'}),0.059790732436472344,0.2757847533632287,0.03587443946188341,0.6,2.1756097560975607,0.01938506706348408,1.810538116591928,1
9,frozenset({'Read - Offshore_Onshore - Trade Queries (Read Only)'}),frozenset({'Function - Asset Movements_Sec Setts'}),0.2757847533632287,0.059790732436472344,0.03587443946188341,0.13008130081300812,2.1756097560975607,0.01938506706348408,1.0808013075730272,1
26,frozenset({'Function - FCS Shared'}),frozenset({'Read - Offshore_Onshore - Trade Query and Aggregation with Simulation (Read Only)'}),0.03587443946188341,0.11434977578475336,0.032137518684603884,0.8958333333333333,7.834150326797385,0.02803528457573381,8.502242152466362,1
27,frozenset({'Read - Offshore_Onshore - Trade Query and Aggregation with Simulation (Read Only)'}),frozenset({'Function - FCS Shared'}),0.11434977578475336,0.03587443946188341,0.032137518684603884,0.28104575163398693,7.834150326797386,0.02803528457573381,1.3410110069302894,1
22,frozenset({'Function - FCS IB'}),frozenset({'Read - Offshore_Onshore - Trade Query and Aggregation with Simulation (Read Only)'}),0.03811659192825112,0.11434977578475336,0.030642750373692077,0.803921568627451,7.030372933487121,0.026284126633017622,4.516816143497759,1
23,frozenset({'Read - Offshore_Onshore - Trade Query and Aggregation with Simulation (Read Only)'}),frozenset({'Function - FCS IB'}),0.11434977578475336,0.03811659192825112,0.030642750373692077,0.2679738562091503,7.03037293348712,0.026284126633017622,1.3140014413837282,1
78,frozenset({'Write - IT - Support Configurator Access'}),frozenset({'Read - IT - Support - End  User'}),0.029895366218236172,0.030642750373692077,0.029895366218236172,1.0,32.63414634146341,0.028979289973880655,inf,1
79,frozenset({'Read - IT - Support - End  User'}),frozenset({'Write - IT - Support Configurator Access'}),0.030642750373692077,0.029895366218236172,0.029895366218236172,0.975609756097561,32.63414634146341,0.028979289973880655,39.77428998505228,1
36,frozenset({'Function - Macro High Touch APAC'}),frozenset({'Write - Sales - FRC APAC'}),0.03139013452914798,0.042600896860986545,0.029895366218236172,0.9523809523809523,22.355889724310778,0.028558118334707446,20.10538116591926,1
37,frozenset({'Write - Sales - FRC APAC'}),frozenset({'Function - Macro High Touch APAC'}),0.042600896860986545,0.03139013452914798,0.029895366218236172,0.7017543859649122,22.355889724310774,0.028558118334707446,3.2476919018728565,1
48,frozenset({'Write - Offshore - Middle Office - Captive - Controls L1  China'}),frozenset({'Function - Manage Business Facilitation'}),0.04110612855007474,0.059790732436472344,0.028400597907324365,0.6909090909090908,11.555454545454545,0.025942832373687608,3.0418535127055297,1
49,frozenset({'Function - Manage Business Facilitation'}),frozenset({'Write - Offshore - Middle Office - Captive - Controls L1  China'}),0.059790732436472344,0.04110612855007474,0.028400597907324365,0.47500000000000003,11.555454545454545,0.025942832373687608,1.826464517047477,1
83,frozenset({'Read - Offshore_Onshore - Trade Query and Aggregation with Simulation (Read Only)'}),frozenset({'Read - Offshore_Onshore - Trade Queries (Read Only)'}),0.11434977578475336,0.2757847533632287,0.028400597907324365,0.24836601307189543,0.90057920187045,-0.0031353268046143447,0.9635211542210957,1
82,frozenset({'Read - Offshore_Onshore - Trade Queries (Read Only)'}),frozenset({'Read - Offshore_Onshore - Trade Query and Aggregation with Simulation (Read Only)'}),0.2757847533632287,0.11434977578475336,0.028400597907324365,0.1029810298102981,0.90057920187045,-0.0031353268046143447,0.9873260807716798,1
45,frozenset({'Function - Macro High Touch EMEA'}),frozenset({'Write - Sales - FRC'}),0.028400597907324365,0.11061285500747384,0.02765321375186846,0.9736842105263157,8.802631578947368,0.024511742533420023,33.79671150971589,1
44,frozenset({'Write - Sales - FRC'}),frozenset({'Function - Macro High Touch EMEA'}),0.11061285500747384,0.028400597907324365,0.02765321375186846,0.25,8.802631578947368,0.024511742533420023,1.2954658694569008,1
51,frozenset({'Function - Margin Management GCMM'}),frozenset({'Read - Offshore_Onshore - Trade Queries (Read Only)'}),0.02914798206278027,0.2757847533632287,0.02466367713004484,0.846153846153846,3.06816760475297,0.01662510808582517,4.70739910313901,1
50,frozenset({'Read - Offshore_Onshore - Trade Queries (Read Only)'}),frozenset({'Function - Margin Management GCMM'}),0.2757847533632287,0.02914798206278027,0.02466367713004484,0.08943089430894308,3.0681676047529702,0.01662510808582517,1.0662035554131966,1
40,frozenset({'Function - Macro High Touch Americas'}),frozenset({'Write - Sales - FRC'}),0.02466367713004484,0.11061285500747384,0.02391629297458894,0.9696969696969698,8.766584766584769,0.021188173232252142,29.349775784753497,1
41,frozenset({'Write - Sales - FRC'}),frozenset({'Function - Macro High Touch Americas'}),0.11061285500747384,0.02466367713004484,0.02391629297458894,0.21621621621621623,8.766584766584767,0.021188173232252142,1.2443946188340809,1
53,frozenset({'Function - RES_IB FRC R&C Risk'}),frozenset({'Read - IT - Support - End  User'}),0.02242152466367713,0.030642750373692077,0.02242152466367713,1.0,32.63414634146341,0.02173446748041049,inf,1
55,frozenset({'Function - RES_IB FRC R&C Risk'}),frozenset({'Write - IT - Support Configurator Access'}),0.02242152466367713,0.029895366218236172,0.02242152466367713,1.0,33.45,0.021751224972685286,inf,1
172,"frozenset({'Write - IT - Support Configurator Access', 'Function - RES_IB FRC R&C Risk'})",frozenset({'Read - IT - Support - End  User'}),0.02242152466367713,0.030642750373692077,0.02242152466367713,1.0,32.63414634146341,0.02173446748041049,inf,2
174,"frozenset({'Read - IT - Support - End  User', 'Function - RES_IB FRC R&C Risk'})",frozenset({'Write - IT - Support Configurator Access'}),0.02242152466367713,0.029895366218236172,0.02242152466367713,1.0,33.45,0.021751224972685286,inf,2
176,frozenset({'Function - RES_IB FRC R&C Risk'}),"frozenset({'Write - IT - Support Configurator Access', 'Read - IT - Support - End  User'})",0.02242152466367713,0.029895366218236172,0.02242152466367713,1.0,33.45,0.021751224972685286,inf,1
54,frozenset({'Write - IT - Support Configurator Access'}),frozenset({'Function - RES_IB FRC R&C Risk'}),0.029895366218236172,0.02242152466367713,0.02242152466367713,0.75,33.45,0.021751224972685286,3.9103139013452917,1
173,"frozenset({'Write - IT - Support Configurator Access', 'Read - IT - Support - End  User'})",frozenset({'Function - RES_IB FRC R&C Risk'}),0.029895366218236172,0.02242152466367713,0.02242152466367713,0.75,33.45,0.021751224972685286,3.9103139013452917,2
175,frozenset({'Write - IT - Support Configurator Access'}),"frozenset({'Read - IT - Support - End  User', 'Function - RES_IB FRC R&C Risk'})",0.029895366218236172,0.02242152466367713,0.02242152466367713,0.75,33.45,0.021751224972685286,3.9103139013452917,1
52,frozenset({'Read - IT - Support - End  User'}),frozenset({'Function - RES_IB FRC R&C Risk'}),0.030642750373692077,0.02242152466367713,0.02242152466367713,0.7317073170731707,32.63414634146341,0.02173446748041049,3.6437015898899308,1
177,frozenset({'Read - IT - Support - End  User'}),"frozenset({'Write - IT - Support Configurator Access', 'Function - RES_IB FRC R&C Risk'})",0.030642750373692077,0.02242152466367713,0.02242152466367713,0.7317073170731707,32.63414634146341,0.02173446748041049,3.6437015898899308,1
18,frozenset({'Function - Credit High Touch EMEA'}),frozenset({'Write - Sales - FRC'}),0.02242152466367713,0.11061285500747384,0.02092675635276532,0.9333333333333333,8.437837837837838,0.018446647496095505,13.340807174887894,1
64,frozenset({'Write - Middle Office - Controls L1'}),frozenset({'Function - Validate Transactional Integrity'}),0.04035874439461883,0.06950672645739911,0.02092675635276532,0.5185185185185185,7.459976105137394,0.018121552145964462,1.932562952742325,1
84,frozenset({'Write - Offshore - Middle Office - Captive - Controls L1  China'}),frozenset({'Read - Offshore_Onshore - Trade Queries (Read Only)'}),0.04110612855007474,0.2757847533632287,0.02092675635276532,0.509090909090909,1.845971914264597,0.009590312828865785,1.4752532801860154,1
65,frozenset({'Function - Validate Transactional Integrity'}),frozenset({'Write - Middle Office - Controls L1'}),0.06950672645739911,0.04035874439461883,0.02092675635276532,0.30107526881720426,7.459976105137395,0.018121552145964462,1.3730251810969298,1
19,frozenset({'Write - Sales - FRC'}),frozenset({'Function - Credit High Touch EMEA'}),0.11061285500747384,0.02242152466367713,0.02092675635276532,0.1891891891891892,8.437837837837838,0.018446647496095505,1.205680119581465,1
85,frozenset({'Read - Offshore_Onshore - Trade Queries (Read Only)'}),frozenset({'Write - Offshore - Middle Office - Captive - Controls L1  China'}),0.2757847533632287,0.04110612855007474,0.02092675635276532,0.07588075880758807,1.845971914264597,0.009590312828865785,1.0376300251173678,1
16,frozenset({'Function - Credit High Touch EMEA'}),frozenset({'Write - Sales - CREDIT'}),0.02242152466367713,0.09267563527653214,0.020179372197309416,0.9,9.711290322580645,0.018101443155234705,9.073243647234682,1
31,frozenset({'Function - GO RTR Report Processing Services'}),frozenset({'Read - Offshore_Onshore - Trade Queries (Read Only)'}),0.035127055306427506,0.2757847533632287,0.020179372197309416,0.5744680851063829,2.0830306175402176,0.010491865913249812,1.7019058295964122,1
104,frozenset({'Write - Sales - FRC APAC'}),frozenset({'Write - Sales - CREDIT'}),0.042600896860986545,0.09267563527653214,0.020179372197309416,0.4736842105263158,5.111205432937182,0.016231307017367465,1.723916292974589,1
17,frozenset({'Write - Sales - CREDIT'}),frozenset({'Function - Credit High Touch EMEA'}),0.09267563527653214,0.02242152466367713,0.020179372197309416,0.21774193548387097,9.711290322580645,0.018101443155234705,1.249687947852619,1
105,frozenset({'Write - Sales - CREDIT'}),frozenset({'Write - Sales - FRC APAC'}),0.09267563527653214,0.042600896860986545,0.020179372197309416,0.21774193548387097,5.111205432937182,0.016231307017367465,1.2238916370024502,1
30,frozenset({'Read - Offshore_Onshore - Trade Queries (Read Only)'}),frozenset({'Function - GO RTR Report Processing Services'}),0.2757847533632287,0.035127055306427506,0.020179372197309416,0.07317073170731707,2.0830306175402176,0.010491865913249812,1.041047124537802,1
63,frozenset({'Function - Validate Transactional Integrity'}),frozenset({'Read - Offshore_Onshore - Trade Queries (Read Only)'}),0.06950672645739911,0.2757847533632287,0.01943198804185351,0.27956989247311825,1.013724975959437,0.0002630926287142919,1.005253999062981,1
62,frozenset({'Read - Offshore_Onshore - Trade Queries (Read Only)'}),frozenset({'Function - Validate Transactional Integrity'}),0.2757847533632287,0.06950672645739911,0.01943198804185351,0.07046070460704607,1.013724975959437,0.0002630926287142919,1.0010262913621566,1
130,"frozenset({'Function - Credit High Touch EMEA', 'Write - Sales - CREDIT'})",frozenset({'Write - Sales - FRC'}),0.020179372197309416,0.11061285500747384,0.01868460388639761,0.925925925925926,8.370870870870872,0.016452505915394773,12.006726457399122,2
132,"frozenset({'Function - Credit High Touch EMEA', 'Write - Sales - FRC'})",frozenset({'Write - Sales - CREDIT'}),0.02092675635276532,0.09267563527653214,0.01868460388639761,0.8928571428571429,9.634216589861751,0.016745203447127877,8.468360737419037,2
134,frozenset({'Function - Credit High Touch EMEA'}),"frozenset({'Write - Sales - FRC', 'Write - Sales - CREDIT'})",0.02242152466367713,0.06726457399103139,0.01868460388639761,0.8333333333333334,12.38888888888889,0.017176429581665965,5.596412556053813,1
7,frozenset({'Function - Asset Movements OTC'}),frozenset({'Read - Offshore_Onshore - Trade Queries (Read Only)'}),0.02391629297458894,0.2757847533632287,0.01868460388639761,0.78125,2.8328252032520322,0.012088854927037878,3.310698270339526,1
131,"frozenset({'Write - Sales - FRC', 'Write - Sales - CREDIT'})",frozenset({'Function - Credit High Touch EMEA'}),0.06726457399103139,0.02242152466367713,0.01868460388639761,0.2777777777777778,12.38888888888889,0.017176429581665965,1.3535701966195242,2
133,frozenset({'Write - Sales - CREDIT'}),"frozenset({'Function - Credit High Touch EMEA', 'Write - Sales - FRC'})",0.09267563527653214,0.02092675635276532,0.01868460388639761,0.20161290322580647,9.634216589861751,0.016745203447127877,1.2263139617399708,1
135,frozenset({'Write - Sales - FRC'}),"frozenset({'Function - Credit High Touch EMEA', 'Write - Sales - CREDIT'})",0.11061285500747384,0.020179372197309416,0.01868460388639761,0.16891891891891894,8.370870870870872,0.016452505915394773,1.1789711619089287,1
6,frozenset({'Read - Offshore_Onshore - Trade Queries (Read Only)'}),frozenset({'Function - Asset Movements OTC'}),0.2757847533632287,0.02391629297458894,0.01868460388639761,0.06775067750677506,2.8328252032520322,0.012088854927037878,1.0470200229429554,1
59,frozenset({'Function - SEC TP_IB Trade Support'}),frozenset({'Write - Offshore - Middle Office - Sec Client Services - Vendor - BA India'}),0.017937219730941704,0.026158445440956652,0.017937219730941704,1.0,38.22857142857143,0.017468009947247416,inf,1
58,frozenset({'Write - Offshore - Middle Office - Sec Client Services - Vendor - BA India'}),frozenset({'Function - SEC TP_IB Trade Support'}),0.026158445440956652,0.017937219730941704,0.017937219730941704,0.6857142857142857,38.22857142857143,0.017468009947247416,3.1247452099470037,1
2,frozenset({'Admin - IT - Middleware Administration Monitor'}),frozenset({'Read - IT - Support - End  User'}),0.016442451420029897,0.030642750373692077,0.016442451420029897,1.0,32.63414634146341,0.015938609485634362,inf,1
4,frozenset({'Admin - IT - Middleware Administration Monitor'}),frozenset({'Write - IT - Support Configurator Access'}),0.016442451420029897,0.029895366218236172,0.016442451420029897,1.0,33.45,0.015950898313302545,inf,1
13,frozenset({'Function - Credit High Touch Americas'}),frozenset({'Write - Sales - CREDIT'}),0.016442451420029897,0.09267563527653214,0.016442451420029897,1.0,10.790322580645162,0.014918636789175108,inf,1
118,"frozenset({'Admin - IT - Middleware Administration Monitor', 'Write - IT - Support Configurator Access'})",frozenset({'Read - IT - Support - End  User'}),0.016442451420029897,0.030642750373692077,0.016442451420029897,1.0,32.63414634146341,0.015938609485634362,inf,2
119,"frozenset({'Admin - IT - Middleware Administration Monitor', 'Read - IT - Support - End  User'})",frozenset({'Write - IT - Support Configurator Access'}),0.016442451420029897,0.029895366218236172,0.016442451420029897,1.0,33.45,0.015950898313302545,inf,2
121,frozenset({'Admin - IT - Middleware Administration Monitor'}),"frozenset({'Write - IT - Support Configurator Access', 'Read - IT - Support - End  User'})",0.016442451420029897,0.029895366218236172,0.016442451420029897,1.0,33.45,0.015950898313302545,inf,1
166,"frozenset({'Write - Offshore - Middle Office - Captive - Controls L1  China', 'Read - Offshore_Onshore - Trade Queries (Read Only)'})",frozenset({'Function - Manage Business Facilitation'}),0.02092675635276532,0.059790732436472344,0.016442451420029897,0.7857142857142858,13.141071428571431,0.015191225330178457,4.387643248629797,2
167,"frozenset({'Write - Offshore - Middle Office - Captive - Controls L1  China', 'Function - Manage Business Facilitation'})",frozenset({'Read - Offshore_Onshore - Trade Queries (Read Only)'}),0.028400597907324365,0.2757847533632287,0.016442451420029897,0.5789473684210527,2.099272571673085,0.008609999530790217,1.720011210762332,2
5,frozenset({'Write - IT - Support Configurator Access'}),frozenset({'Admin - IT - Middleware Administration Monitor'}),0.029895366218236172,0.016442451420029897,0.016442451420029897,0.55,33.45,0.015950898313302545,2.185683441288823,1
120,"frozenset({'Write - IT - Support Configurator Access', 'Read - IT - Support - End  User'})",frozenset({'Admin - IT - Middleware Administration Monitor'}),0.029895366218236172,0.016442451420029897,0.016442451420029897,0.55,33.45,0.015950898313302545,2.185683441288823,2
122,frozenset({'Write - IT - Support Configurator Access'}),"frozenset({'Admin - IT - Middleware Administration Monitor', 'Read - IT - Support - End  User'})",0.029895366218236172,0.016442451420029897,0.016442451420029897,0.55,33.45,0.015950898313302545,2.185683441288823,1
3,frozenset({'Read - IT - Support - End  User'}),frozenset({'Admin - IT - Middleware Administration Monitor'}),0.030642750373692077,0.016442451420029897,0.016442451420029897,0.5365853658536586,32.63414634146341,0.015938609485634362,2.122413657462041,1
123,frozenset({'Read - IT - Support - End  User'}),"frozenset({'Admin - IT - Middleware Administration Monitor', 'Write - IT - Support Configurator Access'})",0.030642750373692077,0.016442451420029897,0.016442451420029897,0.5365853658536586,32.63414634146341,0.015938609485634362,2.122413657462041,1
72,frozenset({'Write - Middle Office - Controls L1'}),frozenset({'Read - Finance - FRC (Read Only)'}),0.04035874439461883,0.06352765321375187,0.016442451420029897,0.40740740740740744,6.413071895424837,0.0138785551019861,1.580297085201794,1
169,frozenset({'Write - Offshore - Middle Office - Captive - Controls L1  China'}),"frozenset({'Read - Offshore_Onshore - Trade Queries (Read Only)', 'Function - Manage Business Facilitation'})",0.04110612855007474,0.04185351270553064,0.016442451420029897,0.4,9.557142857142857,0.014722015546484167,1.5969108121574491,1
168,"frozenset({'Read - Offshore_Onshore - Trade Queries (Read Only)', 'Function - Manage Business Facilitation'})",frozenset({'Write - Offshore - Middle Office - Captive - Controls L1  China'}),0.04185351270553064,0.04110612855007474,0.016442451420029897,0.3928571428571429,9.557142857142857,0.014722015546484167,1.579354611799877,2
171,frozenset({'Function - Manage Business Facilitation'}),"frozenset({'Write - Offshore - Middle Office - Captive - Controls L1  China', 'Read - Offshore_Onshore - Trade Queries (Read Only)'})",0.059790732436472344,0.02092675635276532,0.016442451420029897,0.275,13.14107142857143,0.015191225330178457,1.3504458533065307,1
73,frozenset({'Read - Finance - FRC (Read Only)'}),frozenset({'Write - Middle Office - Controls L1'}),0.06352765321375187,0.04035874439461883,0.016442451420029897,0.25882352941176473,6.413071895424838,0.0138785551019861,1.2947540750231332,1
12,frozenset({'Write - Sales - CREDIT'}),frozenset({'Function - Credit High Touch Americas'}),0.09267563527653214,0.016442451420029897,0.016442451420029897,0.1774193548387097,10.790322580645162,0.014918636789175108,1.1956974119991794,1
170,frozenset({'Read - Offshore_Onshore - Trade Queries (Read Only)'}),"frozenset({'Write - Offshore - Middle Office - Captive - Controls L1  China', 'Function - Manage Business Facilitation'})",0.2757847533632287,0.028400597907324365,0.016442451420029897,0.05962059620596206,2.099272571673085,0.008609999530790217,1.0331993641850066,1
107,"frozenset({'Admin - IT - Middleware Administration Monitor', 'Function - RES_IB FRC R&C Risk'})",frozenset({'Read - IT - Support - End  User'}),0.01569506726457399,0.030642750373692077,0.01569506726457399,1.0,32.63414634146341,0.015214127236287345,inf,2
113,"frozenset({'Admin - IT - Middleware Administration Monitor', 'Function - RES_IB FRC R&C Risk'})",frozenset({'Write - IT - Support Configurator Access'}),0.01569506726457399,0.029895366218236172,0.01569506726457399,1.0,33.45,0.015225857480879701,inf,2
136,"frozenset({'Function - FCS IB', 'Read - Offshore_Onshore - Trade Queries (Read Only)'})",frozenset({'Read - Offshore_Onshore - Trade Query and Aggregation with Simulation (Read Only)'}),0.01569506726457399,0.11434977578475336,0.01569506726457399,1.0,8.745098039215687,0.013900339841943332,inf,2
208,"frozenset({'Admin - IT - Middleware Administration Monitor', 'Write - IT - Support Configurator Access', 'Function - RES_IB FRC R&C Risk'})",frozenset({'Read - IT - Support - End  User'}),0.01569506726457399,0.030642750373692077,0.01569506726457399,1.0,32.63414634146341,0.015214127236287345,inf,3
210,"frozenset({'Admin - IT - Middleware Administration Monitor', 'Read - IT - Support - End  User', 'Function - RES_IB FRC R&C Risk'})",frozenset({'Write - IT - Support Configurator Access'}),0.01569506726457399,0.029895366218236172,0.01569506726457399,1.0,33.45,0.015225857480879701,inf,3
213,"frozenset({'Admin - IT - Middleware Administration Monitor', 'Function - RES_IB FRC R&C Risk'})","frozenset({'Write - IT - Support Configurator Access', 'Read - IT - Support - End  User'})",0.01569506726457399,0.029895366218236172,0.01569506726457399,1.0,33.45,0.015225857480879701,inf,2
0,frozenset({'Admin - IT - Middleware Administration Monitor'}),frozenset({'Function - RES_IB FRC R&C Risk'}),0.016442451420029897,0.02242152466367713,0.01569506726457399,0.9545454545454545,42.57272727272727,0.015326402434528479,21.506726457399072,1
106,"frozenset({'Admin - IT - Middleware Administration Monitor', 'Read - IT - Support - End  User'})",frozenset({'Function - RES_IB FRC R&C Risk'}),0.016442451420029897,0.02242152466367713,0.01569506726457399,0.9545454545454545,42.57272727272727,0.015326402434528479,21.506726457399072,2
109,frozenset({'Admin - IT - Middleware Administration Monitor'}),"frozenset({'Read - IT - Support - End  User', 'Function - RES_IB FRC R&C Risk'})",0.016442451420029897,0.02242152466367713,0.01569506726457399,0.9545454545454545,42.57272727272727,0.015326402434528479,21.506726457399072,1
112,"frozenset({'Admin - IT - Middleware Administration Monitor', 'Write - IT - Support Configurator Access'})",frozenset({'Function - RES_IB FRC R&C Risk'}),0.016442451420029897,0.02242152466367713,0.01569506726457399,0.9545454545454545,42.57272727272727,0.015326402434528479,21.506726457399072,2
115,frozenset({'Admin - IT - Middleware Administration Monitor'}),"frozenset({'Write - IT - Support Configurator Access', 'Function - RES_IB FRC R&C Risk'})",0.016442451420029897,0.02242152466367713,0.01569506726457399,0.9545454545454545,42.57272727272727,0.015326402434528479,21.506726457399072,1
209,"frozenset({'Admin - IT - Middleware Administration Monitor', 'Write - IT - Support Configurator Access', 'Read - IT - Support - End  User'})",frozenset({'Function - RES_IB FRC R&C Risk'}),0.016442451420029897,0.02242152466367713,0.01569506726457399,0.9545454545454545,42.57272727272727,0.015326402434528479,21.506726457399072,3
212,"frozenset({'Admin - IT - Middleware Administration Monitor', 'Write - IT - Support Configurator Access'})","frozenset({'Read - IT - Support - End  User', 'Function - RES_IB FRC R&C Risk'})",0.016442451420029897,0.02242152466367713,0.01569506726457399,0.9545454545454545,42.57272727272727,0.015326402434528479,21.506726457399072,2
214,"frozenset({'Admin - IT - Middleware Administration Monitor', 'Read - IT - Support - End  User'})","frozenset({'Write - IT - Support Configurator Access', 'Function - RES_IB FRC R&C Risk'})",0.016442451420029897,0.02242152466367713,0.01569506726457399,0.9545454545454545,42.57272727272727,0.015326402434528479,21.506726457399072,2
218,frozenset({'Admin - IT - Middleware Administration Monitor'}),"frozenset({'Write - IT - Support Configurator Access', 'Function - RES_IB FRC R&C Risk', 'Read - IT - Support - End  User'})",0.016442451420029897,0.02242152466367713,0.01569506726457399,0.9545454545454545,42.57272727272727,0.015326402434528479,21.506726457399072,1
76,frozenset({'Write - Middle Office - Desktop Services Specialised Processing'}),frozenset({'Read - Finance - FRC (Read Only)'}),0.02092675635276532,0.06352765321375187,0.01569506726457399,0.75,11.805882352941177,0.014365639544106837,3.7458893871449925,1
1,frozenset({'Function - RES_IB FRC R&C Risk'}),frozenset({'Admin - IT - Middleware Administration Monitor'}),0.02242152466367713,0.016442451420029897,0.01569506726457399,0.7000000000000001,42.57272727272727,0.015326402434528479,3.2785251619332345,1
108,"frozenset({'Read - IT - Support - End  User', 'Function - RES_IB FRC R&C Risk'})",frozenset({'Admin - IT - Middleware Administration Monitor'}),0.02242152466367713,0.016442451420029897,0.01569506726457399,0.7000000000000001,42.57272727272727,0.015326402434528479,3.2785251619332345,2
111,frozenset({'Function - RES_IB FRC R&C Risk'}),"frozenset({'Admin - IT - Middleware Administration Monitor', 'Read - IT - Support - End  User'})",0.02242152466367713,0.016442451420029897,0.01569506726457399,0.7000000000000001,42.57272727272727,0.015326402434528479,3.2785251619332345,1
114,"frozenset({'Write - IT - Support Configurator Access', 'Function - RES_IB FRC R&C Risk'})",frozenset({'Admin - IT - Middleware Administration Monitor'}),0.02242152466367713,0.016442451420029897,0.01569506726457399,0.7000000000000001,42.57272727272727,0.015326402434528479,3.2785251619332345,2
117,frozenset({'Function - RES_IB FRC R&C Risk'}),"frozenset({'Admin - IT - Middleware Administration Monitor', 'Write - IT - Support Configurator Access'})",0.02242152466367713,0.016442451420029897,0.01569506726457399,0.7000000000000001,42.57272727272727,0.015326402434528479,3.2785251619332345,1
211,"frozenset({'Write - IT - Support Configurator Access', 'Function - RES_IB FRC R&C Risk', 'Read - IT - Support - End  User'})",frozenset({'Admin - IT - Middleware Administration Monitor'}),0.02242152466367713,0.016442451420029897,0.01569506726457399,0.7000000000000001,42.57272727272727,0.015326402434528479,3.2785251619332345,3
215,"frozenset({'Write - IT - Support Configurator Access', 'Function - RES_IB FRC R&C Risk'})","frozenset({'Admin - IT - Middleware Administration Monitor', 'Read - IT - Support - End  User'})",0.02242152466367713,0.016442451420029897,0.01569506726457399,0.7000000000000001,42.57272727272727,0.015326402434528479,3.2785251619332345,2
217,"frozenset({'Read - IT - Support - End  User', 'Function - RES_IB FRC R&C Risk'})","frozenset({'Admin - IT - Middleware Administration Monitor', 'Write - IT - Support Configurator Access'})",0.02242152466367713,0.016442451420029897,0.01569506726457399,0.7000000000000001,42.57272727272727,0.015326402434528479,3.2785251619332345,2
220,frozenset({'Function - RES_IB FRC R&C Risk'}),"frozenset({'Admin - IT - Middleware Administration Monitor', 'Write - IT - Support Configurator Access', 'Read - IT - Support - End  User'})",0.02242152466367713,0.016442451420029897,0.01569506726457399,0.7000000000000001,42.57272727272727,0.015326402434528479,3.2785251619332345,1
138,"frozenset({'Read - Offshore_Onshore - Trade Queries (Read Only)', 'Read - Offshore_Onshore - Trade Query and Aggregation with Simulation (Read Only)'})",frozenset({'Function - FCS IB'}),0.028400597907324365,0.03811659192825112,0.01569506726457399,0.5526315789473685,14.498452012383902,0.014612533263622166,2.150092323925086,2
116,frozenset({'Write - IT - Support Configurator Access'}),"frozenset({'Admin - IT - Middleware Administration Monitor', 'Function - RES_IB FRC R&C Risk'})",0.029895366218236172,0.01569506726457399,0.01569506726457399,0.525,33.45,0.015225857480879701,2.0722209110219496,1
216,"frozenset({'Write - IT - Support Configurator Access', 'Read - IT - Support - End  User'})","frozenset({'Admin - IT - Middleware Administration Monitor', 'Function - RES_IB FRC R&C Risk'})",0.029895366218236172,0.01569506726457399,0.01569506726457399,0.525,33.45,0.015225857480879701,2.0722209110219496,2
219,frozenset({'Write - IT - Support Configurator Access'}),"frozenset({'Admin - IT - Middleware Administration Monitor', 'Read - IT - Support - End  User', 'Function - RES_IB FRC R&C Risk'})",0.029895366218236172,0.01569506726457399,0.01569506726457399,0.525,33.45,0.015225857480879701,2.0722209110219496,1
110,frozenset({'Read - IT - Support - End  User'}),"frozenset({'Admin - IT - Middleware Administration Monitor', 'Function - RES_IB FRC R&C Risk'})",0.030642750373692077,0.01569506726457399,0.01569506726457399,0.5121951219512195,32.63414634146341,0.015214127236287345,2.0178251121076234,1
137,"frozenset({'Function - FCS IB', 'Read - Offshore_Onshore - Trade Query and Aggregation with Simulation (Read Only)'})",frozenset({'Read - Offshore_Onshore - Trade Queries (Read Only)'}),0.030642750373692077,0.2757847533632287,0.01569506726457399,0.5121951219512195,1.8572278405710885,0.007244263910394337,1.4846412556053812,2
221,frozenset({'Read - IT - Support - End  User'}),"frozenset({'Admin - IT - Middleware Administration Monitor', 'Write - IT - Support Configurator Access', 'Function - RES_IB FRC R&C Risk'})",0.030642750373692077,0.01569506726457399,0.01569506726457399,0.5121951219512195,32.63414634146341,0.015214127236287345,2.0178251121076234,1
20,frozenset({'Function - FCS IB'}),frozenset({'Read - Offshore_Onshore - Trade Queries (Read Only)'}),0.03811659192825112,0.2757847533632287,0.01569506726457399,0.411764705882353,1.4930655188904831,0.005183092360594421,1.2311659192825113,1
139,frozenset({'Function - FCS IB'}),"frozenset({'Read - Offshore_Onshore - Trade Queries (Read Only)', 'Read - Offshore_Onshore - Trade Query and Aggregation with Simulation (Read Only)'})",0.03811659192825112,0.028400597907324365,0.01569506726457399,0.411764705882353,14.498452012383902,0.014612533263622166,1.6517189835575488,1
60,frozenset({'Read - Finance - FRC (Read Only)'}),frozenset({'Function - Validate Transactional Integrity'}),0.06352765321375187,0.06950672645739911,0.01569506726457399,0.24705882352941178,3.554459203036053,0.011279468050165229,1.2358113789237668,1
77,frozenset({'Read - Finance - FRC (Read Only)'}),frozenset({'Write - Middle Office - Desktop Services Specialised Processing'}),0.06352765321375187,0.02092675635276532,0.01569506726457399,0.24705882352941178,11.805882352941177,0.014365639544106837,1.3003316517189836,1
61,frozenset({'Function - Validate Transactional Integrity'}),frozenset({'Read - Finance - FRC (Read Only)'}),0.06950672645739911,0.06352765321375187,0.01569506726457399,0.22580645161290322,3.5544592030360533,0.011279468050165229,1.2096101145989038,1
141,frozenset({'Read - Offshore_Onshore - Trade Query and Aggregation with Simulation (Read Only)'}),"frozenset({'Function - FCS IB', 'Read - Offshore_Onshore - Trade Queries (Read Only)'})",0.11434977578475336,0.01569506726457399,0.01569506726457399,0.13725490196078433,8.745098039215687,0.013900339841943332,1.1408988993069709,1
21,frozenset({'Read - Offshore_Onshore - Trade Queries (Read Only)'}),frozenset({'Function - FCS IB'}),0.2757847533632287,0.03811659192825112,0.01569506726457399,0.056910569105691054,1.493065518890483,0.005183092360594421,1.0199280964898716,1
140,frozenset({'Read - Offshore_Onshore - Trade Queries (Read Only)'}),"frozenset({'Function - FCS IB', 'Read - Offshore_Onshore - Trade Query and Aggregation with Simulation (Read Only)'})",0.2757847533632287,0.030642750373692077,0.01569506726457399,0.056910569105691054,1.8572278405710887,0.007244263910394337,1.0278529457244472,1
43,frozenset({'Function - Macro High Touch EMEA'}),frozenset({'Write - Sales - CREDIT'}),0.028400597907324365,0.09267563527653214,0.014947683109118086,0.5263157894736842,5.679117147707979,0.01231563965582345,1.9154625477495433,1
75,frozenset({'Write - Middle Office - Controls Supervisor'}),frozenset({'Read - Finance - FRC (Read Only)'}),0.03288490284005979,0.06352765321375187,0.014947683109118086,0.4545454545454545,7.155080213903743,0.012858582405526843,1.7168659691081214,1
32,frozenset({'Function - GO RTR Report Processing Services'}),frozenset({'Read - Ops - FRC (Read Only)'}),0.035127055306427506,0.0515695067264574,0.014947683109118086,0.42553191489361697,8.251618871415355,0.013136198194212632,1.6509715994020924,1
33,frozenset({'Read - Ops - FRC (Read Only)'}),frozenset({'Function - GO RTR Report Processing Services'}),0.0515695067264574,0.035127055306427506,0.014947683109118086,0.28985507246376807,8.251618871415355,0.013136198194212632,1.3586986364052347,1
74,frozenset({'Read - Finance - FRC (Read Only)'}),frozenset({'Write - Middle Office - Controls Supervisor'}),0.06352765321375187,0.03288490284005979,0.014947683109118086,0.23529411764705882,7.155080213903743,0.012858582405526843,1.2646889732091526,1
42,frozenset({'Write - Sales - CREDIT'}),frozenset({'Function - Macro High Touch EMEA'}),0.09267563527653214,0.028400597907324365,0.014947683109118086,0.16129032258064516,5.67911714770798,0.01231563965582345,1.1584454409566516,1
99,frozenset({'Write - Offshore - Ops - Confirmations -  Vendor - Match User India'}),frozenset({'Write - Offshore - Ops - Confirmations -  Vendor - Draft User India'}),0.014200298953662182,0.01569506726457399,0.014200298953662182,1.0,63.714285714285715,0.013977424306407395,inf,1
161,"frozenset({'Write - Sales - CREDIT', 'Function - Macro High Touch EMEA'})",frozenset({'Write - Sales - FRC'}),0.014947683109118086,0.11061285500747384,0.014200298953662182,0.9500000000000001,8.588513513513515,0.012546893049215638,17.787742899850546,2
98,frozenset({'Write - Offshore - Ops - Confirmations -  Vendor - Draft User India'}),frozenset({'Write - Offshore - Ops - Confirmations -  Vendor - Match User India'}),0.01569506726457399,0.014200298953662182,0.014200298953662182,0.9047619047619048,63.714285714285715,0.013977424306407395,10.350896860986548,1
90,frozenset({'Write - Middle Office - Desktop Services Specialised Processing'}),frozenset({'Write - Middle Office - Controls L1'}),0.02092675635276532,0.04035874439461883,0.014200298953662182,0.6785714285714286,16.813492063492063,0.013355721343012461,2.9855505729945193,1
162,"frozenset({'Write - Sales - FRC', 'Function - Macro High Touch EMEA'})",frozenset({'Write - Sales - CREDIT'}),0.02765321375186846,0.09267563527653214,0.014200298953662182,0.5135135135135135,5.540976460331299,0.011637519801770038,1.8650556385982395,2
165,frozenset({'Function - Macro High Touch EMEA'}),"frozenset({'Write - Sales - FRC', 'Write - Sales - CREDIT'})",0.028400597907324365,0.06726457399103139,0.014200298953662182,0.5,7.433333333333334,0.012289944834335431,1.8654708520179373,1
91,frozenset({'Write - Middle Office - Controls L1'}),frozenset({'Write - Middle Office - Desktop Services Specialised Processing'}),0.04035874439461883,0.02092675635276532,0.014200298953662182,0.35185185185185186,16.813492063492063,0.013355721343012461,1.510570147341448,1
11,frozenset({'Read - Ops - FRC (Read Only)'}),frozenset({'Function - Asset Movements_Sec Setts'}),0.0515695067264574,0.059790732436472344,0.014200298953662182,0.2753623188405797,4.605434782608696,0.011116920375099707,1.297488789237668,1
10,frozenset({'Function - Asset Movements_Sec Setts'}),frozenset({'Read - Ops - FRC (Read Only)'}),0.059790732436472344,0.0515695067264574,0.014200298953662182,0.23750000000000002,4.605434782608696,0.011116920375099707,1.243843269866941,1
160,"frozenset({'Write - Sales - FRC', 'Write - Sales - CREDIT'})",frozenset({'Function - Macro High Touch EMEA'}),0.06726457399103139,0.028400597907324365,0.014200298953662182,0.2111111111111111,7.433333333333334,0.012289944834335431,1.231604875892124,2
163,frozenset({'Write - Sales - CREDIT'}),"frozenset({'Write - Sales - FRC', 'Function - Macro High Touch EMEA'})",0.09267563527653214,0.02765321375186846,0.014200298953662182,0.1532258064516129,5.540976460331299,0.011637519801770038,1.1482952523311267,1
164,frozenset({'Write - Sales - FRC'}),"frozenset({'Write - Sales - CREDIT', 'Function - Macro High Touch EMEA'})",0.11061285500747384,0.014947683109118086,0.014200298953662182,0.12837837837837837,8.588513513513513,0.012546893049215638,1.1301375418593065,1
92,frozenset({'Write - Middle Office - Desktop Services Specialised Processing'}),frozenset({'Write - Middle Office - Controls Supervisor'}),0.02092675635276532,0.03288490284005979,0.013452914798206279,0.6428571428571429,19.5487012987013,0.012764740448787988,2.707922272047833,1
89,frozenset({'Write - Middle Office - Controls Supervisor'}),frozenset({'Write - Middle Office - Controls L1'}),0.03288490284005979,0.04035874439461883,0.013452914798206279,0.40909090909090906,10.136363636363637,0.012125721410042431,1.6240082787167989,1
93,frozenset({'Write - Middle Office - Controls Supervisor'}),frozenset({'Write - Middle Office - Desktop Services Specialised Processing'}),0.03288490284005979,0.02092675635276532,0.013452914798206279,0.40909090909090906,19.548701298701296,0.012764740448787988,1.6568931815568586,1
88,frozenset({'Write - Middle Office - Controls L1'}),frozenset({'Write - Middle Office - Controls Supervisor'}),0.04035874439461883,0.03288490284005979,0.013452914798206279,0.33333333333333337,10.136363636363637,0.012125721410042431,1.4506726457399104,1
126,"frozenset({'Function - Credit High Touch Americas', 'Write - Sales - FRC'})",frozenset({'Write - Sales - CREDIT'}),0.012705530642750373,0.09267563527653214,0.012705530642750373,1.0,10.790322580645162,0.011528037518908036,inf,2
15,frozenset({'Function - Credit High Touch Americas'}),frozenset({'Write - Sales - FRC'}),0.016442451420029897,0.11061285500747384,0.012705530642750373,0.7727272727272726,6.985872235872235,0.010886784147859175,3.9133034379671128,1
28,frozenset({'Function - GO RTR Quality Assurance Services'}),frozenset({'Read - Offshore_Onshore - Trade Queries (Read Only)'}),0.016442451420029897,0.2757847533632287,0.012705530642750373,0.7727272727272726,2.8019216555801916,0.008170953233190559,3.186547085201792,1
94,frozenset({'Write - Middle Office - Desktop Services Supervisor'}),frozenset({'Write - Middle Office - Controls Supervisor'}),0.016442451420029897,0.03288490284005979,0.012705530642750373,0.7727272727272726,23.497933884297517,0.012164822225350288,4.255306427503735,1
125,"frozenset({'Function - Credit High Touch Americas', 'Write - Sales - CREDIT'})",frozenset({'Write - Sales - FRC'}),0.016442451420029897,0.11061285500747384,0.012705530642750373,0.7727272727272726,6.985872235872235,0.010886784147859175,3.9133034379671128,2
129,frozenset({'Function - Credit High Touch Americas'}),"frozenset({'Write - Sales - FRC', 'Write - Sales - CREDIT'})",0.016442451420029897,0.06726457399103139,0.012705530642750373,0.7727272727272726,11.487878787878786,0.011599536152613834,4.10403587443946,1
95,frozenset({'Write - Middle Office - Controls Supervisor'}),frozenset({'Write - Middle Office - Desktop Services Supervisor'}),0.03288490284005979,0.016442451420029897,0.012705530642750373,0.3863636363636363,23.497933884297517,0.012164822225350288,1.602834523611803,1
25,frozenset({'Function - FCS Shared'}),frozenset({'Read - Offshore_Onshore - Trade Queries (Read Only)'}),0.03587443946188341,0.2757847533632287,0.012705530642750373,0.3541666666666667,1.2842140921409213,0.002811907203710778,1.1213655431795169,1
124,"frozenset({'Write - Sales - FRC', 'Write - Sales - CREDIT'})",frozenset({'Function - Credit High Touch Americas'}),0.06726457399103139,0.016442451420029897,0.012705530642750373,0.18888888888888888,11.487878787878786,0.011599536152613834,1.2126051968794151,2
127,frozenset({'Write - Sales - CREDIT'}),"frozenset({'Function - Credit High Touch Americas', 'Write - Sales - FRC'})",0.09267563527653214,0.012705530642750373,0.012705530642750373,0.13709677419354838,10.79032258064516,0.011528037518908036,1.144154338320551,1
14,frozenset({'Write - Sales - FRC'}),frozenset({'Function - Credit High Touch Americas'}),0.11061285500747384,0.016442451420029897,0.012705530642750373,0.11486486486486487,6.985872235872236,0.010886784147859175,1.1111947877086685,1
128,frozenset({'Write - Sales - FRC'}),"frozenset({'Function - Credit High Touch Americas', 'Write - Sales - CREDIT'})",0.11061285500747384,0.016442451420029897,0.012705530642750373,0.11486486486486487,6.985872235872236,0.010886784147859175,1.1111947877086685,1
24,frozenset({'Read - Offshore_Onshore - Trade Queries (Read Only)'}),frozenset({'Function - FCS Shared'}),0.2757847533632287,0.03587443946188341,0.012705530642750373,0.04607046070460704,1.2842140921409213,0.002811907203710778,1.0106884427231961,1
29,frozenset({'Read - Offshore_Onshore - Trade Queries (Read Only)'}),frozenset({'Function - GO RTR Quality Assurance Services'}),0.2757847533632287,0.016442451420029897,0.012705530642750373,0.04607046070460704,2.8019216555801916,0.008170953233190559,1.0310589074602527,1
100,frozenset({'Write - Offshore - Ops - Confirmations -  Vendor - Match Verifier India'}),frozenset({'Write - Offshore - Ops - Confirmations -  Vendor - Draft Verifier India'}),0.01195814648729447,0.01195814648729447,0.01195814648729447,1.0,83.625,0.011815149219882876,inf,1
101,frozenset({'Write - Offshore - Ops - Confirmations -  Vendor - Draft Verifier India'}),frozenset({'Write - Offshore - Ops - Confirmations -  Vendor - Match Verifier India'}),0.01195814648729447,0.01195814648729447,0.01195814648729447,1.0,83.625,0.011815149219882876,inf,1
196,"frozenset({'Write - Middle Office - Desktop Services Specialised Processing', 'Write - Middle Office - Controls L1'})",frozenset({'Read - Finance - FRC (Read Only)'}),0.014200298953662182,0.06352765321375187,0.01195814648729447,0.8421052631578948,13.255727554179568,0.011056034819834614,5.93099152964624,2
197,"frozenset({'Write - Middle Office - Desktop Services Specialised Processing', 'Read - Finance - FRC (Read Only)'})",frozenset({'Write - Middle Office - Controls L1'}),0.01569506726457399,0.04035874439461883,0.01195814648729447,0.761904761904762,18.87830687830688,0.011324713279307178,4.030493273542602,2
198,"frozenset({'Write - Middle Office - Controls L1', 'Read - Finance - FRC (Read Only)'})",frozenset({'Write - Middle Office - Desktop Services Specialised Processing'}),0.016442451420029897,0.02092675635276532,0.01195814648729447,0.7272727272727273,34.753246753246756,0.011614059312585323,3.5899352267065274,2
199,frozenset({'Write - Middle Office - Desktop Services Specialised Processing'}),"frozenset({'Write - Middle Office - Controls L1', 'Read - Finance - FRC (Read Only)'})",0.02092675635276532,0.016442451420029897,0.01195814648729447,0.5714285714285714,34.75324675324675,0.011614059312585323,2.2949676133532635,1
38,frozenset({'Function - Macro High Touch Americas'}),frozenset({'Write - Sales - CREDIT'}),0.02466367713004484,0.09267563527653214,0.01195814648729447,0.4848484848484849,5.2316715542522,0.009672424541012288,1.7612767079926142,1
34,frozenset({'Function - Macro High Touch APAC'}),frozenset({'Write - Sales - CREDIT'}),0.03139013452914798,0.09267563527653214,0.01195814648729447,0.380952380952381,4.110599078341014,0.009049045828389873,1.4656778199379097,1
200,frozenset({'Write - Middle Office - Controls L1'}),"frozenset({'Write - Middle Office - Desktop Services Specialised Processing', 'Read - Finance - FRC (Read Only)'})",0.04035874439461883,0.01569506726457399,0.01195814648729447,0.29629629629629634,18.87830687830688,0.011324713279307178,1.398749114939816,1
70,frozenset({'Write - Offshore - Middle Office - Captive - Controls L1  China'}),frozenset({'Function - Validate Transactional Integrity'}),0.04110612855007474,0.06950672645739911,0.01195814648729447,0.2909090909090909,4.185337243401759,0.00910099405444174,1.3122341037139242,1
201,frozenset({'Read - Finance - FRC (Read Only)'}),"frozenset({'Write - Middle Office - Desktop Services Specialised Processing', 'Write - Middle Office - Controls L1'})",0.06352765321375187,0.014200298953662182,0.01195814648729447,0.18823529411764706,13.255727554179566,0.011056034819834614,1.2143909360715757,1
71,frozenset({'Function - Validate Transactional Integrity'}),frozenset({'Write - Offshore - Middle Office - Captive - Controls L1  China'}),0.06950672645739911,0.04110612855007474,0.01195814648729447,0.17204301075268816,4.185337243401759,0.00910099405444174,1.1581445460369226,1
35,frozenset({'Write - Sales - CREDIT'}),frozenset({'Function - Macro High Touch APAC'}),0.09267563527653214,0.03139013452914798,0.01195814648729447,0.12903225806451613,4.110599078341013,0.009049045828389873,1.1121076233183858,1
39,frozenset({'Write - Sales - CREDIT'}),frozenset({'Function - Macro High Touch Americas'}),0.09267563527653214,0.02466367713004484,0.01195814648729447,0.12903225806451613,5.231671554252199,0.009672424541012288,1.1198305929247634,1
149,"frozenset({'Function - Macro High Touch APAC', 'Write - Sales - CREDIT'})",frozenset({'Write - Sales - FRC APAC'}),0.01195814648729447,0.042600896860986545,0.011210762331838564,0.9374999999999999,22.006578947368418,0.010701334566684765,15.318385650224188,2
154,"frozenset({'Function - Macro High Touch Americas', 'Write - Sales - CREDIT'})",frozenset({'Write - Sales - FRC'}),0.01195814648729447,0.11061285500747384,0.011210762331838564,0.9374999999999999,8.475506756756756,0.009888037608281329,14.230194319880393,2
150,"frozenset({'Write - Sales - FRC APAC', 'Write - Sales - CREDIT'})",frozenset({'Function - Macro High Touch APAC'}),0.020179372197309416,0.03139013452914798,0.011210762331838564,0.5555555555555556,17.6984126984127,0.010577329123851273,2.179372197309417,2
155,"frozenset({'Function - Macro High Touch Americas', 'Write - Sales - FRC'})",frozenset({'Write - Sales - CREDIT'}),0.02391629297458894,0.09267563527653214,0.011210762331838564,0.46874999999999994,5.057963709677419,0.008994304686958872,1.7079046865382925,2
157,frozenset({'Function - Macro High Touch Americas'}),"frozenset({'Write - Sales - FRC', 'Write - Sales - CREDIT'})",0.02466367713004484,0.06726457399103139,0.011210762331838564,0.45454545454545453,6.757575757575758,0.009551770596633754,1.7100149476831092,1
148,"frozenset({'Function - Macro High Touch APAC', 'Write - Sales - FRC APAC'})",frozenset({'Write - Sales - CREDIT'}),0.029895366218236172,0.09267563527653214,0.011210762331838564,0.375,4.046370967741936,0.00844019027573895,1.4517189835575486,2
151,frozenset({'Function - Macro High Touch APAC'}),"frozenset({'Write - Sales - FRC APAC', 'Write - Sales - CREDIT'})",0.03139013452914798,0.020179372197309416,0.011210762331838564,0.3571428571428571,17.698412698412696,0.010577329123851273,1.5241654210264075,1
152,frozenset({'Write - Sales - FRC APAC'}),"frozenset({'Function - Macro High Touch APAC', 'Write - Sales - CREDIT'})",0.042600896860986545,0.01195814648729447,0.011210762331838564,0.2631578947368421,22.006578947368418,0.010701334566684765,1.3409139440529574,1
156,"frozenset({'Write - Sales - FRC', 'Write - Sales - CREDIT'})",frozenset({'Function - Macro High Touch Americas'}),0.06726457399103139,0.02466367713004484,0.011210762331838564,0.16666666666666666,6.757575757575758,0.009551770596633754,1.1704035874439462,2
153,frozenset({'Write - Sales - CREDIT'}),"frozenset({'Function - Macro High Touch APAC', 'Write - Sales - FRC APAC'})",0.09267563527653214,0.029895366218236172,0.011210762331838564,0.12096774193548386,4.046370967741935,0.00844019027573895,1.1036052714581532,1
158,frozenset({'Write - Sales - CREDIT'}),"frozenset({'Function - Macro High Touch Americas', 'Write - Sales - FRC'})",0.09267563527653214,0.02391629297458894,0.011210762331838564,0.12096774193548386,5.057963709677419,0.008994304686958872,1.110407152946339,1
159,frozenset({'Write - Sales - FRC'}),"frozenset({'Function - Macro High Touch Americas', 'Write - Sales - CREDIT'})",0.11061285500747384,0.01195814648729447,0.011210762331838564,0.10135135135135136,8.475506756756756,0.009888037608281329,1.0994751452622589,1
56,frozenset({'Write - IT - TriOptima Account Access'}),frozenset({'Function - RES_IB FRC R&C Risk'}),0.01046337817638266,0.02242152466367713,0.01046337817638266,1.0,44.6,0.010228773284535517,inf,1
81,frozenset({'Write - IT - TriOptima Account Access'}),frozenset({'Read - IT - Support - End  User'}),0.01046337817638266,0.030642750373692077,0.01046337817638266,1.0,32.63414634146341,0.01014275149085823,inf,1
87,frozenset({'Write - IT - TriOptima Account Access'}),frozenset({'Write - IT - Support Configurator Access'}),0.01046337817638266,0.029895366218236172,0.01046337817638266,1.0,33.45,0.0101505716539198,inf,1
179,"frozenset({'Read - IT - Support - End  User', 'Write - IT - TriOptima Account Access'})",frozenset({'Function - RES_IB FRC R&C Risk'}),0.01046337817638266,0.02242152466367713,0.01046337817638266,1.0,44.6,0.010228773284535517,inf,2
180,"frozenset({'Write - IT - TriOptima Account Access', 'Function - RES_IB FRC R&C Risk'})",frozenset({'Read - IT - Support - End  User'}),0.01046337817638266,0.030642750373692077,0.01046337817638266,1.0,32.63414634146341,0.01014275149085823,inf,2
183,frozenset({'Write - IT - TriOptima Account Access'}),"frozenset({'Read - IT - Support - End  User', 'Function - RES_IB FRC R&C Risk'})",0.01046337817638266,0.02242152466367713,0.01046337817638266,1.0,44.6,0.010228773284535517,inf,1
185,"frozenset({'Write - IT - Support Configurator Access', 'Write - IT - TriOptima Account Access'})",frozenset({'Function - RES_IB FRC R&C Risk'}),0.01046337817638266,0.02242152466367713,0.01046337817638266,1.0,44.6,0.010228773284535517,inf,2
186,"frozenset({'Write - IT - TriOptima Account Access', 'Function - RES_IB FRC R&C Risk'})",frozenset({'Write - IT - Support Configurator Access'}),0.01046337817638266,0.029895366218236172,0.01046337817638266,1.0,33.45,0.0101505716539198,inf,2
189,frozenset({'Write - IT - TriOptima Account Access'}),"frozenset({'Write - IT - Support Configurator Access', 'Function - RES_IB FRC R&C Risk'})",0.01046337817638266,0.02242152466367713,0.01046337817638266,1.0,44.6,0.010228773284535517,inf,1
203,"frozenset({'Write - IT - Support Configurator Access', 'Write - IT - TriOptima Account Access'})",frozenset({'Read - IT - Support - End  User'}),0.01046337817638266,0.030642750373692077,0.01046337817638266,1.0,32.63414634146341,0.01014275149085823,inf,2
204,"frozenset({'Read - IT - Support - End  User', 'Write - IT - TriOptima Account Access'})",frozenset({'Write - IT - Support Configurator Access'}),0.01046337817638266,0.029895366218236172,0.01046337817638266,1.0,33.45,0.0101505716539198,inf,2
207,frozenset({'Write - IT - TriOptima Account Access'}),"frozenset({'Write - IT - Support Configurator Access', 'Read - IT - Support - End  User'})",0.01046337817638266,0.029895366218236172,0.01046337817638266,1.0,33.45,0.0101505716539198,inf,1
223,"frozenset({'Write - IT - Support Configurator Access', 'Function - RES_IB FRC R&C Risk', 'Write - IT - TriOptima Account Access'})",frozenset({'Read - IT - Support - End  User'}),0.01046337817638266,0.030642750373692077,0.01046337817638266,1.0,32.63414634146341,0.01014275149085823,inf,3
224,"frozenset({'Write - IT - Support Configurator Access', 'Read - IT - Support - End  User', 'Write - IT - TriOptima Account Access'})",frozenset({'Function - RES_IB FRC R&C Risk'}),0.01046337817638266,0.02242152466367713,0.01046337817638266,1.0,44.6,0.010228773284535517,inf,3
225,"frozenset({'Read - IT - Support - End  User', 'Function - RES_IB FRC R&C Risk', 'Write - IT - TriOptima Account Access'})",frozenset({'Write - IT - Support Configurator Access'}),0.01046337817638266,0.029895366218236172,0.01046337817638266,1.0,33.45,0.0101505716539198,inf,3
228,"frozenset({'Write - IT - Support Configurator Access', 'Write - IT - TriOptima Account Access'})","frozenset({'Read - IT - Support - End  User', 'Function - RES_IB FRC R&C Risk'})",0.01046337817638266,0.02242152466367713,0.01046337817638266,1.0,44.6,0.010228773284535517,inf,2
230,"frozenset({'Write - IT - TriOptima Account Access', 'Function - RES_IB FRC R&C Risk'})","frozenset({'Write - IT - Support Configurator Access', 'Read - IT - Support - End  User'})",0.01046337817638266,0.029895366218236172,0.01046337817638266,1.0,33.45,0.0101505716539198,inf,2
231,"frozenset({'Read - IT - Support - End  User', 'Write - IT - TriOptima Account Access'})","frozenset({'Write - IT - Support Configurator Access', 'Function - RES_IB FRC R&C Risk'})",0.01046337817638266,0.02242152466367713,0.01046337817638266,1.0,44.6,0.010228773284535517,inf,2
235,frozenset({'Write - IT - TriOptima Account Access'}),"frozenset({'Write - IT - Support Configurator Access', 'Function - RES_IB FRC R&C Risk', 'Read - IT - Support - End  User'})",0.01046337817638266,0.02242152466367713,0.01046337817638266,1.0,44.6,0.010228773284535517,inf,1
142,"frozenset({'Read - Offshore_Onshore - Trade Queries (Read Only)', 'Function - FCS Shared'})",frozenset({'Read - Offshore_Onshore - Trade Query and Aggregation with Simulation (Read Only)'}),0.012705530642750373,0.11434977578475336,0.01046337817638266,0.823529411764706,7.201845444059978,0.009010503596157841,5.0186846038864,2
192,"frozenset({'Read - Finance - FRC (Read Only)', 'Function - Validate Transactional Integrity'})",frozenset({'Write - Middle Office - Controls L1'}),0.01569506726457399,0.04035874439461883,0.01046337817638266,0.6666666666666666,16.51851851851852,0.00982994496839537,2.8789237668161434,2
97,frozenset({'Write - Middle Office - Desktop Services Supervisor'}),frozenset({'Write - Middle Office - Desktop Services Specialised Processing'}),0.016442451420029897,0.02092675635276532,0.01046337817638266,0.6363636363636364,30.409090909090907,0.010119291001673515,2.6924514200298955,1
190,"frozenset({'Write - Middle Office - Controls L1', 'Read - Finance - FRC (Read Only)'})",frozenset({'Function - Validate Transactional Integrity'}),0.016442451420029897,0.06950672645739911,0.01046337817638266,0.6363636363636364,9.155425219941348,0.00932051720324157,2.5588565022421523,2
68,frozenset({'Write - Middle Office - Desktop Services Specialised Processing'}),frozenset({'Function - Validate Transactional Integrity'}),0.02092675635276532,0.06950672645739911,0.01046337817638266,0.5,7.193548387096773,0.009008827846930363,1.8609865470852018,1
96,frozenset({'Write - Middle Office - Desktop Services Specialised Processing'}),frozenset({'Write - Middle Office - Desktop Services Supervisor'}),0.02092675635276532,0.016442451420029897,0.01046337817638266,0.5,30.409090909090907,0.010119291001673515,1.9671150971599403,1
191,"frozenset({'Write - Middle Office - Controls L1', 'Function - Validate Transactional Integrity'})",frozenset({'Read - Finance - FRC (Read Only)'}),0.02092675635276532,0.06352765321375187,0.01046337817638266,0.5,7.870588235294118,0.009133950455915507,1.8729446935724963,2
57,frozenset({'Function - RES_IB FRC R&C Risk'}),frozenset({'Write - IT - TriOptima Account Access'}),0.02242152466367713,0.01046337817638266,0.01046337817638266,0.4666666666666667,44.6,0.010228773284535517,1.8553811659192825,1
178,"frozenset({'Read - IT - Support - End  User', 'Function - RES_IB FRC R&C Risk'})",frozenset({'Write - IT - TriOptima Account Access'}),0.02242152466367713,0.01046337817638266,0.01046337817638266,0.4666666666666667,44.6,0.010228773284535517,1.8553811659192825,2
182,frozenset({'Function - RES_IB FRC R&C Risk'}),"frozenset({'Read - IT - Support - End  User', 'Write - IT - TriOptima Account Access'})",0.02242152466367713,0.01046337817638266,0.01046337817638266,0.4666666666666667,44.6,0.010228773284535517,1.8553811659192825,1
184,"frozenset({'Write - IT - Support Configurator Access', 'Function - RES_IB FRC R&C Risk'})",frozenset({'Write - IT - TriOptima Account Access'}),0.02242152466367713,0.01046337817638266,0.01046337817638266,0.4666666666666667,44.6,0.010228773284535517,1.8553811659192825,2
188,frozenset({'Function - RES_IB FRC R&C Risk'}),"frozenset({'Write - IT - Support Configurator Access', 'Write - IT - TriOptima Account Access'})",0.02242152466367713,0.01046337817638266,0.01046337817638266,0.4666666666666667,44.6,0.010228773284535517,1.8553811659192825,1
222,"frozenset({'Write - IT - Support Configurator Access', 'Function - RES_IB FRC R&C Risk', 'Read - IT - Support - End  User'})",frozenset({'Write - IT - TriOptima Account Access'}),0.02242152466367713,0.01046337817638266,0.01046337817638266,0.4666666666666667,44.6,0.010228773284535517,1.8553811659192825,3
226,"frozenset({'Write - IT - Support Configurator Access', 'Function - RES_IB FRC R&C Risk'})","frozenset({'Read - IT - Support - End  User', 'Write - IT - TriOptima Account Access'})",0.02242152466367713,0.01046337817638266,0.01046337817638266,0.4666666666666667,44.6,0.010228773284535517,1.8553811659192825,2
229,"frozenset({'Read - IT - Support - End  User', 'Function - RES_IB FRC R&C Risk'})","frozenset({'Write - IT - Support Configurator Access', 'Write - IT - TriOptima Account Access'})",0.02242152466367713,0.01046337817638266,0.01046337817638266,0.4666666666666667,44.6,0.010228773284535517,1.8553811659192825,2
233,frozenset({'Function - RES_IB FRC R&C Risk'}),"frozenset({'Write - IT - Support Configurator Access', 'Read - IT - Support - End  User', 'Write - IT - TriOptima Account Access'})",0.02242152466367713,0.01046337817638266,0.01046337817638266,0.4666666666666667,44.6,0.010228773284535517,1.8553811659192825,1
143,"frozenset({'Read - Offshore_Onshore - Trade Queries (Read Only)', 'Read - Offshore_Onshore - Trade Query and Aggregation with Simulation (Read Only)'})",frozenset({'Function - FCS Shared'}),0.028400597907324365,0.03587443946188341,0.01046337817638266,0.3684210526315789,10.269736842105262,0.00944452264607506,1.5265321375186847,2
86,frozenset({'Write - IT - Support Configurator Access'}),frozenset({'Write - IT - TriOptima Account Access'}),0.029895366218236172,0.01046337817638266,0.01046337817638266,0.35000000000000003,33.45,0.0101505716539198,1.522364033574796,1
187,frozenset({'Write - IT - Support Configurator Access'}),"frozenset({'Write - IT - TriOptima Account Access', 'Function - RES_IB FRC R&C Risk'})",0.029895366218236172,0.01046337817638266,0.01046337817638266,0.35000000000000003,33.45,0.0101505716539198,1.522364033574796,1
202,"frozenset({'Write - IT - Support Configurator Access', 'Read - IT - Support - End  User'})",frozenset({'Write - IT - TriOptima Account Access'}),0.029895366218236172,0.01046337817638266,0.01046337817638266,0.35000000000000003,33.45,0.0101505716539198,1.522364033574796,2
205,frozenset({'Write - IT - Support Configurator Access'}),"frozenset({'Read - IT - Support - End  User', 'Write - IT - TriOptima Account Access'})",0.029895366218236172,0.01046337817638266,0.01046337817638266,0.35000000000000003,33.45,0.0101505716539198,1.522364033574796,1
227,"frozenset({'Write - IT - Support Configurator Access', 'Read - IT - Support - End  User'})","frozenset({'Write - IT - TriOptima Account Access', 'Function - RES_IB FRC R&C Risk'})",0.029895366218236172,0.01046337817638266,0.01046337817638266,0.35000000000000003,33.45,0.0101505716539198,1.522364033574796,2
232,frozenset({'Write - IT - Support Configurator Access'}),"frozenset({'Read - IT - Support - End  User', 'Function - RES_IB FRC R&C Risk', 'Write - IT - TriOptima Account Access'})",0.029895366218236172,0.01046337817638266,0.01046337817638266,0.35000000000000003,33.45,0.0101505716539198,1.522364033574796,1
80,frozenset({'Read - IT - Support - End  User'}),frozenset({'Write - IT - TriOptima Account Access'}),0.030642750373692077,0.01046337817638266,0.01046337817638266,0.34146341463414637,32.63414634146341,0.01014275149085823,1.5026296849914191,1
181,frozenset({'Read - IT - Support - End  User'}),"frozenset({'Write - IT - TriOptima Account Access', 'Function - RES_IB FRC R&C Risk'})",0.030642750373692077,0.01046337817638266,0.01046337817638266,0.34146341463414637,32.63414634146341,0.01014275149085823,1.5026296849914191,1
206,frozenset({'Read - IT - Support - End  User'}),"frozenset({'Write - IT - Support Configurator Access', 'Write - IT - TriOptima Account Access'})",0.030642750373692077,0.01046337817638266,0.01046337817638266,0.34146341463414637,32.63414634146341,0.01014275149085823,1.5026296849914191,1
234,frozenset({'Read - IT - Support - End  User'}),"frozenset({'Write - IT - Support Configurator Access', 'Function - RES_IB FRC R&C Risk', 'Write - IT - TriOptima Account Access'})",0.030642750373692077,0.01046337817638266,0.01046337817638266,0.34146341463414637,32.63414634146341,0.01014275149085823,1.5026296849914191,1
144,"frozenset({'Function - FCS Shared', 'Read - Offshore_Onshore - Trade Query and Aggregation with Simulation (Read Only)'})",frozenset({'Read - Offshore_Onshore - Trade Queries (Read Only)'}),0.032137518684603884,0.2757847533632287,0.01046337817638266,0.32558139534883723,1.1805634335413122,0.0016003405122430245,1.0738364001855574,2
67,frozenset({'Write - Middle Office - Controls Supervisor'}),frozenset({'Function - Validate Transactional Integrity'}),0.03288490284005979,0.06950672645739911,0.01046337817638266,0.3181818181818182,4.577712609970674,0.008177656230100479,1.3647234678624813,1
146,frozenset({'Function - FCS Shared'}),"frozenset({'Read - Offshore_Onshore - Trade Queries (Read Only)', 'Read - Offshore_Onshore - Trade Query and Aggregation with Simulation (Read Only)'})",0.03587443946188341,0.028400597907324365,0.01046337817638266,0.2916666666666667,10.269736842105264,0.00944452264607506,1.3716697441308363,1
193,frozenset({'Write - Middle Office - Controls L1'}),"frozenset({'Read - Finance - FRC (Read Only)', 'Function - Validate Transactional Integrity'})",0.04035874439461883,0.01569506726457399,0.01046337817638266,0.25925925925925924,16.51851851851852,0.00982994496839537,1.3288116591928252,1
194,frozenset({'Read - Finance - FRC (Read Only)'}),"frozenset({'Write - Middle Office - Controls L1', 'Function - Validate Transactional Integrity'})",0.06352765321375187,0.02092675635276532,0.01046337817638266,0.16470588235294117,7.870588235294117,0.009133950455915507,1.1721299395776752,1
66,frozenset({'Function - Validate Transactional Integrity'}),frozenset({'Write - Middle Office - Controls Supervisor'}),0.06950672645739911,0.03288490284005979,0.01046337817638266,0.15053763440860213,4.577712609970673,0.008177656230100479,1.1385025827325879,1
69,frozenset({'Function - Validate Transactional Integrity'}),frozenset({'Write - Middle Office - Desktop Services Specialised Processing'}),0.06950672645739911,0.02092675635276532,0.01046337817638266,0.15053763440860213,7.193548387096773,0.009008827846930363,1.1525798944201624,1
195,frozenset({'Function - Validate Transactional Integrity'}),"frozenset({'Write - Middle Office - Controls L1', 'Read - Finance - FRC (Read Only)'})",0.06950672645739911,0.016442451420029897,0.01046337817638266,0.15053763440860213,9.155425219941346,0.00932051720324157,1.1578588863030028,1
147,frozenset({'Read - Offshore_Onshore - Trade Query and Aggregation with Simulation (Read Only)'}),"frozenset({'Read - Offshore_Onshore - Trade Queries (Read Only)', 'Function - FCS Shared'})",0.11434977578475336,0.012705530642750373,0.01046337817638266,0.09150326797385622,7.201845444059978,0.009010503596157841,1.086734200083879,1
145,frozenset({'Read - Offshore_Onshore - Trade Queries (Read Only)'}),"frozenset({'Function - FCS Shared', 'Read - Offshore_Onshore - Trade Query and Aggregation with Simulation (Read Only)'})",0.2757847533632287,0.032137518684603884,0.01046337817638266,0.037940379403794036,1.1805634335413122,0.0016003405122430245,1.0060317059306512,1
