Row Labels,Average of Actual Days,"Average of Total issues (3,4,5)"
AM SWITZERLAND-Z4LR,50,0
AMERICAS AUDIT-581-IKRR,439,4
APPLICATION IT AUDIT-OB4D,91.77777778,0.444444444
ASSET MANAGEMENT AUDIT-GVYV,148.4814815,2.333333333
COMPLIANCE & ORC-E7JLDEL_1,226.7647059,2.705882353
CORE IT AUDIT-DAEG,5,0
CORE IT AUDIT-UAQQDEL_1,186.1904762,2.428571429
CREDIT RISK AUDIT-N8VB,171.8888889,1.888888889
FINANCE AUDIT-G29G,231.5882353,1.666666667
GCOO EXCL.IT AUDIT-T4DT,199.3333333,1.222222222
GCOO&GF AUDIT BUSINESS MANAGEMENT-GPN6,122,2
GIA IQA-X7B8,202,0
GIA SPECIAL REVIEW GROUP - UK-Q932,11,0
GIA SPECIAL REVIEW GROUP-XCTX,43,0
GIA TEMPORARY-BNYUDEL_1,13.33333333,0
GLOBAL FINANCIAL CRIME AUDIT-PSD8,187,2
GLOBAL WEALTH MANAGEMENT AUDIT-GA2Y,229.6153846,2.384615385
"GOVERNANCE, LEGAL AND STRATEGIC CHANGE-TDHADEL_1",144.25,1
GROUP CEO & GROUP GENERAL COUNSEL AUDIT-SZNQDEL_1,18,0
GROUP COO & GROUP FINANCE AUDIT-ZN9H,149.5,2
GROUP TREASURY AUDIT-G2HD,167.1111111,1.666666667
GWM AND UBS CH IT AUDIT-GFFUDEL_1,172.3333333,2.333333333
HR AUDIT-PJSX,20,0
IB AMERICAS-G5RY,86.4,1.2
IB APAC - AUSTRALIA-GBTW,108,3
IB APAC - HONG KONG-O56H,125.4285714,1.714285714
IB APAC - SINGAPORE-GCGK,78.66666667,1.666666667
IB AUDIT-U6J9DEL_1,190.3333333,1.666666667
IB EMEA-G8ZM,199,1.714285714
IB SWITZERLAND-G2MWDEL_1,187.5,1.5
INVESTIGATIONS AND ANALYSIS - CH-GFYSDEL_1,80,0
INVESTMENT BANK AND GROUP TREASURY AUDIT-ZMYP,189.9285714,2.482758621
INVESTMENT PLATFORMS & SOLUTIONS AUDIT-ICK4,2,0
ISSUE ASSURANCE-KFMADEL_1,86,0
ISSUE ASSURANCE-ZMLD,69,0
"MODELS, VALUATIONS AND MARKET RISK AUDI-R4VY",198.7,2
RISK CONTROL AUDIT-XL4U,65.76470588,0.4
UBS EUROPE SE AUDIT-AQNP,160.7272727,2.363636364
UBS SWITZERLAND AUDIT-LTT6DEL_1,211.6666667,2.333333333
"UBS SWITZERLAND, GROUP CEO & GGC AUDIT-B89N",205.7272727,1.363636364
UHNW AND GROUP OPERATIONS AUDIT-GPE3,225,1.666666667
US CAPITAL PLANNING AUDIT-ZLT6,189.9166667,3.333333333
WM AMERICAS AUDIT-GHUJ,7,0
WM ASIA AUDIT TEAM-N55LDEL_1,253.5714286,2.375
WM ASIA AUDIT-HL3A,25.75,0.5
"WM EEM GERMANY, ITALY, LUXEMBOURG-G8NQDEL_1",116,1.5
WM EEM UK AND JERSEY-G95HDEL_1,268.7142857,3
WM EMERGING MARKETS AUDIT-STNX,223.5,3
WM EUROPE & EMERGING MARKETS AUDIT-FVKY,,0
WM FUNCTIONAL AUDIT-GMYE,183,2
WMA - CAPITAL MARKETS / ADVISORY-581-GP93,249.1666667,1.666666667
WMA - CLIENT ADVISOR GROUP-581-GXYR,190.25,2.5
WMA BANKING-581-P9BJ,197,1.6
"WMA IT, OPS, HR, LEGAL, FINANCE-581-GVBN",140,0.571428571
